WorkflowInstanceId,RunbookGroupName,StatusTime,Status,Cycle
20001,MSSales-DistE2E-KickOff-DistCORPRunbooks,12/24/25 12:23 PM,Completed,Monthly
20001,MSSales-DistE2E-PostPipeline-Distribution,12/24/25 03:23 PM,Completed,Monthly
20002,MSSales-DistE2E-KickOff-DistCORPRunbooks,01/06/26 09:39 AM,Completed,Monthly
20002,MSSales-DistE2E-PostPipeline-Distribution,01/06/26 06:39 PM,Completed,Monthly
20003,MSSales-DistE2E-KickOff-DistCORPRunbooks,01/05/26 10:37 AM,Completed,FMECLOSE
20003,MSSales-DistE2E-PostPipeline-Distribution,01/05/26 04:37 PM,Completed,FMECLOSE
20004,MSSales-DistE2E-KickOff-DistCORPRunbooks,01/14/26 02:55 AM,Completed,Monthly
20004,MSSales-DistE2E-PostPipeline-Distribution,01/14/26 12:55 PM,Completed,Monthly
20005,MSSales-DistE2E-KickOff-DistCORPRunbooks,12/16/25 07:45 PM,Completed,Monthly
20005,MSSales-DistE2E-PostPipeline-Distribution,12/17/25 12:45 AM,Completed,Monthly
20006,MSSales-DistE2E-KickOff-DistCORPRunbooks,12/01/25 01:54 PM,Completed,FMECLOSE
20006,MSSales-DistE2E-PostPipeline-Distribution,12/01/25 11:54 PM,Completed,FMECLOSE
20007,MSSales-DistE2E-KickOff-DistCORPRunbooks,12/29/25 02:58 AM,Completed,Monthly
20007,MSSales-DistE2E-PostPipeline-Distribution,12/29/25 08:58 AM,Completed,Monthly
20008,MSSales-DistE2E-KickOff-DistCORPRunbooks,12/08/25 01:53 PM,Completed,FMECLOSE
20008,MSSales-DistE2E-PostPipeline-Distribution,12/08/25 05:53 PM,Completed,FMECLOSE
20009,MSSales-DistE2E-KickOff-DistCORPRunbooks,01/05/26 10:18 AM,Completed,Monthly
20009,MSSales-DistE2E-PostPipeline-Distribution,01/05/26 03:18 PM,Completed,Monthly
20010,MSSales-DistE2E-KickOff-DistCORPRunbooks,01/22/26 05:14 PM,Completed,Monthly
20010,MSSales-DistE2E-PostPipeline-Distribution,01/22/26 08:14 PM,Completed,Monthly
20011,MSSales-DistE2E-KickOff-DistCORPRunbooks,01/16/26 07:26 AM,Completed,Monthly
20011,MSSales-DistE2E-PostPipeline-Distribution,01/16/26 11:26 AM,Completed,Monthly
20012,MSSales-DistE2E-KickOff-DistCORPRunbooks,12/08/25 07:50 PM,Completed,FMECLOSE
20012,MSSales-DistE2E-PostPipeline-Distribution,12/08/25 09:50 PM,Completed,FMECLOSE
20013,MSSales-DistE2E-KickOff-DistCORPRunbooks,01/14/26 09:18 AM,Completed,FMECLOSE
20013,MSSales-DistE2E-PostPipeline-Distribution,01/14/26 01:18 PM,Completed,FMECLOSE
20014,MSSales-DistE2E-KickOff-DistCORPRunbooks,01/10/26 09:18 PM,Completed,Monthly
20014,MSSales-DistE2E-PostPipeline-Distribution,01/11/26 04:18 AM,Completed,Monthly
20015,MSSales-DistE2E-KickOff-DistCORPRunbooks,12/31/25 09:49 PM,Completed,FMECLOSE
20015,MSSales-DistE2E-PostPipeline-Distribution,01/01/26 04:49 AM,Completed,FMECLOSE
20016,MSSales-DistE2E-KickOff-DistCORPRunbooks,01/17/26 12:56 AM,Completed,FMECLOSE
20016,MSSales-DistE2E-PostPipeline-Distribution,01/17/26 04:56 AM,Completed,FMECLOSE
20017,MSSales-DistE2E-KickOff-DistCORPRunbooks,01/12/26 10:51 AM,Completed,FMECLOSE
20017,MSSales-DistE2E-PostPipeline-Distribution,01/12/26 04:51 PM,Completed,FMECLOSE
20018,MSSales-DistE2E-KickOff-DistCORPRunbooks,12/25/25 10:01 AM,Completed,Monthly
20018,MSSales-DistE2E-PostPipeline-Distribution,12/25/25 01:01 PM,Completed,Monthly
20019,MSSales-DistE2E-KickOff-DistCORPRunbooks,12/31/25 03:47 AM,Completed,FMECLOSE
20019,MSSales-DistE2E-PostPipeline-Distribution,12/31/25 12:47 PM,Completed,FMECLOSE
20020,MSSales-DistE2E-KickOff-DistCORPRunbooks,12/30/25 09:56 PM,Completed,Monthly
20020,MSSales-DistE2E-PostPipeline-Distribution,12/31/25 05:56 AM,Completed,Monthly
20021,MSSales-DistE2E-KickOff-DistCORPRunbooks,12/08/25 07:17 PM,Completed,FMECLOSE
20021,MSSales-DistE2E-PostPipeline-Distribution,12/09/25 01:17 AM,Completed,FMECLOSE
20022,MSSales-DistE2E-KickOff-DistCORPRunbooks,01/15/26 11:45 AM,Completed,FMECLOSE
20022,MSSales-DistE2E-PostPipeline-Distribution,01/15/26 06:45 PM,Completed,FMECLOSE
20023,MSSales-DistE2E-KickOff-DistCORPRunbooks,12/17/25 09:22 AM,Completed,Monthly
20023,MSSales-DistE2E-PostPipeline-Distribution,12/17/25 02:22 PM,Completed,Monthly
20024,MSSales-DistE2E-KickOff-DistCORPRunbooks,01/16/26 06:08 PM,Completed,FMECLOSE
20024,MSSales-DistE2E-PostPipeline-Distribution,01/16/26 09:08 PM,Completed,FMECLOSE
20025,MSSales-DistE2E-KickOff-DistCORPRunbooks,12/07/25 03:23 PM,Completed,Monthly
20025,MSSales-DistE2E-PostPipeline-Distribution,12/07/25 05:23 PM,Completed,Monthly
20026,MSSales-DistE2E-KickOff-DistCORPRunbooks,12/29/25 12:45 AM,Completed,FMECLOSE
20026,MSSales-DistE2E-PostPipeline-Distribution,12/29/25 05:45 AM,Completed,FMECLOSE
20027,MSSales-DistE2E-KickOff-DistCORPRunbooks,12/02/25 09:59 AM,Completed,FMECLOSE
20027,MSSales-DistE2E-PostPipeline-Distribution,12/02/25 12:59 PM,Completed,FMECLOSE
20028,MSSales-DistE2E-KickOff-DistCORPRunbooks,12/03/25 06:13 PM,Completed,FMECLOSE
20028,MSSales-DistE2E-PostPipeline-Distribution,12/04/25 03:13 AM,Completed,FMECLOSE
20029,MSSales-DistE2E-KickOff-DistCORPRunbooks,01/19/26 05:49 PM,Completed,FMECLOSE
20029,MSSales-DistE2E-PostPipeline-Distribution,01/20/26 01:49 AM,Completed,FMECLOSE
20030,MSSales-DistE2E-KickOff-DistCORPRunbooks,12/17/25 01:38 AM,Completed,Monthly
20030,MSSales-DistE2E-PostPipeline-Distribution,12/17/25 05:38 AM,Completed,Monthly
20031,MSSales-DistE2E-KickOff-DistCORPRunbooks,01/23/26 04:42 AM,Completed,Monthly
20031,MSSales-DistE2E-PostPipeline-Distribution,01/23/26 01:42 PM,Completed,Monthly
20032,MSSales-DistE2E-KickOff-DistCORPRunbooks,12/25/25 12:40 PM,Completed,Monthly
20032,MSSales-DistE2E-PostPipeline-Distribution,12/25/25 10:40 PM,Completed,Monthly
20033,MSSales-DistE2E-KickOff-DistCORPRunbooks,12/06/25 07:46 PM,Completed,Monthly
20033,MSSales-DistE2E-PostPipeline-Distribution,12/07/25 01:46 AM,Completed,Monthly
20034,MSSales-DistE2E-KickOff-DistCORPRunbooks,01/19/26 05:16 PM,Completed,FMECLOSE
20034,MSSales-DistE2E-PostPipeline-Distribution,01/19/26 09:16 PM,Completed,FMECLOSE
20035,MSSales-DistE2E-KickOff-DistCORPRunbooks,12/12/25 06:56 PM,Completed,FMECLOSE
20035,MSSales-DistE2E-PostPipeline-Distribution,12/13/25 04:56 AM,Completed,FMECLOSE
20036,MSSales-DistE2E-KickOff-DistCORPRunbooks,01/23/26 06:27 PM,Completed,FMECLOSE
20036,MSSales-DistE2E-PostPipeline-Distribution,01/23/26 11:27 PM,Completed,FMECLOSE
20037,MSSales-DistE2E-KickOff-DistCORPRunbooks,12/23/25 03:04 PM,Completed,FMECLOSE
20037,MSSales-DistE2E-PostPipeline-Distribution,12/24/25 12:04 AM,Completed,FMECLOSE
20038,MSSales-DistE2E-KickOff-DistCORPRunbooks,12/29/25 03:00 PM,Completed,Monthly
20038,MSSales-DistE2E-PostPipeline-Distribution,12/29/25 10:00 PM,Completed,Monthly
20039,MSSales-DistE2E-KickOff-DistCORPRunbooks,12/10/25 04:40 PM,Completed,FMECLOSE
20039,MSSales-DistE2E-PostPipeline-Distribution,12/10/25 07:40 PM,Completed,FMECLOSE
20040,MSSales-DistE2E-KickOff-DistCORPRunbooks,12/21/25 02:11 PM,Completed,FMECLOSE
20040,MSSales-DistE2E-PostPipeline-Distribution,12/21/25 06:11 PM,Completed,FMECLOSE
20041,MSSales-DistE2E-KickOff-DistCORPRunbooks,12/14/25 07:15 AM,Completed,Monthly
20041,MSSales-DistE2E-PostPipeline-Distribution,12/14/25 03:15 PM,Completed,Monthly
20042,MSSales-DistE2E-KickOff-DistCORPRunbooks,01/23/26 03:37 AM,Completed,FMECLOSE
20042,MSSales-DistE2E-PostPipeline-Distribution,01/23/26 06:37 AM,Completed,FMECLOSE
20043,MSSales-DistE2E-KickOff-DistCORPRunbooks,12/31/25 11:49 AM,Completed,FMECLOSE
20043,MSSales-DistE2E-PostPipeline-Distribution,12/31/25 08:49 PM,Completed,FMECLOSE
20044,MSSales-DistE2E-KickOff-DistCORPRunbooks,01/08/26 06:13 AM,Completed,FMECLOSE
20044,MSSales-DistE2E-PostPipeline-Distribution,01/08/26 12:13 PM,Completed,FMECLOSE
20045,MSSales-DistE2E-KickOff-DistCORPRunbooks,12/24/25 03:44 PM,Completed,FMECLOSE
20045,MSSales-DistE2E-PostPipeline-Distribution,12/24/25 05:44 PM,Completed,FMECLOSE
20046,MSSales-DistE2E-KickOff-DistCORPRunbooks,01/16/26 11:26 AM,Completed,Monthly
20046,MSSales-DistE2E-PostPipeline-Distribution,01/16/26 08:26 PM,Completed,Monthly
20047,MSSales-DistE2E-KickOff-DistCORPRunbooks,12/03/25 04:22 PM,Completed,Monthly
20047,MSSales-DistE2E-PostPipeline-Distribution,12/03/25 07:22 PM,Completed,Monthly
20048,MSSales-DistE2E-KickOff-DistCORPRunbooks,12/17/25 03:23 PM,Completed,FMECLOSE
20048,MSSales-DistE2E-PostPipeline-Distribution,12/17/25 06:23 PM,Completed,FMECLOSE
20049,MSSales-DistE2E-KickOff-DistCORPRunbooks,12/31/25 11:12 PM,Completed,FMECLOSE
20049,MSSales-DistE2E-PostPipeline-Distribution,01/01/26 08:12 AM,Completed,FMECLOSE
20050,MSSales-DistE2E-KickOff-DistCORPRunbooks,12/14/25 09:01 PM,Completed,FMECLOSE
20050,MSSales-DistE2E-PostPipeline-Distribution,12/15/25 04:01 AM,Completed,FMECLOSE
20051,MSSales-DistE2E-KickOff-DistCORPRunbooks,12/24/25 12:15 PM,Completed,FMECLOSE
20051,MSSales-DistE2E-PostPipeline-Distribution,12/24/25 08:15 PM,Completed,FMECLOSE
20052,MSSales-DistE2E-KickOff-DistCORPRunbooks,12/11/25 04:30 AM,Completed,FMECLOSE
20052,MSSales-DistE2E-PostPipeline-Distribution,12/11/25 08:30 AM,Completed,FMECLOSE
20053,MSSales-DistE2E-KickOff-DistCORPRunbooks,01/21/26 03:33 PM,Completed,FMECLOSE
20053,MSSales-DistE2E-PostPipeline-Distribution,01/21/26 09:33 PM,Completed,FMECLOSE
20054,MSSales-DistE2E-KickOff-DistCORPRunbooks,12/22/25 12:14 AM,Completed,Monthly
20054,MSSales-DistE2E-PostPipeline-Distribution,12/22/25 04:14 AM,Completed,Monthly
20055,MSSales-DistE2E-KickOff-DistCORPRunbooks,01/23/26 11:33 PM,Completed,Monthly
20055,MSSales-DistE2E-PostPipeline-Distribution,01/24/26 05:33 AM,Completed,Monthly
20056,MSSales-DistE2E-KickOff-DistCORPRunbooks,01/17/26 04:41 PM,Completed,FMECLOSE
20056,MSSales-DistE2E-PostPipeline-Distribution,01/17/26 09:41 PM,Completed,FMECLOSE
20057,MSSales-DistE2E-KickOff-DistCORPRunbooks,01/20/26 04:24 AM,Completed,FMECLOSE
20057,MSSales-DistE2E-PostPipeline-Distribution,01/20/26 06:24 AM,Completed,FMECLOSE
20058,MSSales-DistE2E-KickOff-DistCORPRunbooks,01/04/26 11:53 AM,Completed,FMECLOSE
20058,MSSales-DistE2E-PostPipeline-Distribution,01/04/26 08:53 PM,Completed,FMECLOSE
20059,MSSales-DistE2E-KickOff-DistCORPRunbooks,12/24/25 05:27 AM,Completed,FMECLOSE
20059,MSSales-DistE2E-PostPipeline-Distribution,12/24/25 01:27 PM,Completed,FMECLOSE
20060,MSSales-DistE2E-KickOff-DistCORPRunbooks,12/16/25 02:03 PM,Completed,Monthly
20060,MSSales-DistE2E-PostPipeline-Distribution,12/17/25 12:03 AM,Completed,Monthly
20061,MSSales-DistE2E-KickOff-DistCORPRunbooks,01/08/26 09:11 PM,Completed,Monthly
20061,MSSales-DistE2E-PostPipeline-Distribution,01/09/26 01:11 AM,Completed,Monthly
20062,MSSales-DistE2E-KickOff-DistCORPRunbooks,01/01/26 12:02 AM,Completed,Monthly
20062,MSSales-DistE2E-PostPipeline-Distribution,01/01/26 08:02 AM,Completed,Monthly
20063,MSSales-DistE2E-KickOff-DistCORPRunbooks,12/15/25 11:02 PM,Completed,FMECLOSE
20063,MSSales-DistE2E-PostPipeline-Distribution,12/16/25 04:02 AM,Completed,FMECLOSE
20064,MSSales-DistE2E-KickOff-DistCORPRunbooks,12/30/25 01:21 PM,Completed,Monthly
20064,MSSales-DistE2E-PostPipeline-Distribution,12/30/25 11:21 PM,Completed,Monthly
20065,MSSales-DistE2E-KickOff-DistCORPRunbooks,01/15/26 08:51 AM,Completed,FMECLOSE
20065,MSSales-DistE2E-PostPipeline-Distribution,01/15/26 02:51 PM,Completed,FMECLOSE
20066,MSSales-DistE2E-KickOff-DistCORPRunbooks,01/03/26 10:09 AM,Completed,FMECLOSE
20066,MSSales-DistE2E-PostPipeline-Distribution,01/03/26 01:09 PM,Completed,FMECLOSE
20067,MSSales-DistE2E-KickOff-DistCORPRunbooks,01/19/26 02:41 AM,Completed,Monthly
20067,MSSales-DistE2E-PostPipeline-Distribution,01/19/26 12:41 PM,Completed,Monthly
20068,MSSales-DistE2E-KickOff-DistCORPRunbooks,12/20/25 07:06 AM,Completed,Monthly
20068,MSSales-DistE2E-PostPipeline-Distribution,12/20/25 12:06 PM,Completed,Monthly
20069,MSSales-DistE2E-KickOff-DistCORPRunbooks,12/26/25 10:40 PM,Completed,FMECLOSE
20069,MSSales-DistE2E-PostPipeline-Distribution,12/27/25 08:40 AM,Completed,FMECLOSE
20070,MSSales-DistE2E-KickOff-DistCORPRunbooks,01/08/26 02:28 AM,Completed,FMECLOSE
20070,MSSales-DistE2E-PostPipeline-Distribution,01/08/26 07:28 AM,Completed,FMECLOSE
20071,MSSales-DistE2E-KickOff-DistCORPRunbooks,12/19/25 10:54 PM,Completed,Monthly
20071,MSSales-DistE2E-PostPipeline-Distribution,12/20/25 07:54 AM,Completed,Monthly
20072,MSSales-DistE2E-KickOff-DistCORPRunbooks,01/11/26 08:00 AM,Completed,FMECLOSE
20072,MSSales-DistE2E-PostPipeline-Distribution,01/11/26 02:00 PM,Completed,FMECLOSE
20073,MSSales-DistE2E-KickOff-DistCORPRunbooks,01/24/26 05:07 PM,Completed,Monthly
20073,MSSales-DistE2E-PostPipeline-Distribution,01/25/26 03:07 AM,Completed,Monthly
20074,MSSales-DistE2E-KickOff-DistCORPRunbooks,01/21/26 05:52 PM,Completed,FMECLOSE
20074,MSSales-DistE2E-PostPipeline-Distribution,01/22/26 02:52 AM,Completed,FMECLOSE
20075,MSSales-DistE2E-KickOff-DistCORPRunbooks,12/24/25 01:47 PM,Completed,FMECLOSE
20075,MSSales-DistE2E-PostPipeline-Distribution,12/24/25 11:47 PM,Completed,FMECLOSE
20076,MSSales-DistE2E-KickOff-DistCORPRunbooks,12/07/25 08:37 AM,Completed,Monthly
20076,MSSales-DistE2E-PostPipeline-Distribution,12/07/25 11:37 AM,Completed,Monthly
20077,MSSales-DistE2E-KickOff-DistCORPRunbooks,01/02/26 04:50 AM,Completed,Monthly
20077,MSSales-DistE2E-PostPipeline-Distribution,01/02/26 06:50 AM,Completed,Monthly
20078,MSSales-DistE2E-KickOff-DistCORPRunbooks,12/30/25 08:35 PM,Completed,FMECLOSE
20078,MSSales-DistE2E-PostPipeline-Distribution,12/30/25 10:35 PM,Completed,FMECLOSE
20079,MSSales-DistE2E-KickOff-DistCORPRunbooks,12/10/25 05:38 AM,Completed,Monthly
20079,MSSales-DistE2E-PostPipeline-Distribution,12/10/25 11:38 AM,Completed,Monthly
20080,MSSales-DistE2E-KickOff-DistCORPRunbooks,12/24/25 01:09 AM,Completed,Monthly
20080,MSSales-DistE2E-PostPipeline-Distribution,12/24/25 11:09 AM,Completed,Monthly
20081,MSSales-DistE2E-KickOff-DistCORPRunbooks,01/23/26 07:11 AM,Completed,Monthly
20081,MSSales-DistE2E-PostPipeline-Distribution,01/23/26 09:11 AM,Completed,Monthly
20082,MSSales-DistE2E-KickOff-DistCORPRunbooks,12/25/25 03:13 AM,Completed,Monthly
20082,MSSales-DistE2E-PostPipeline-Distribution,12/25/25 12:13 PM,Completed,Monthly
20083,MSSales-DistE2E-KickOff-DistCORPRunbooks,12/23/25 07:35 PM,Completed,FMECLOSE
20083,MSSales-DistE2E-PostPipeline-Distribution,12/23/25 09:35 PM,Completed,FMECLOSE
20084,MSSales-DistE2E-KickOff-DistCORPRunbooks,12/01/25 11:02 PM,Completed,FMECLOSE
20084,MSSales-DistE2E-PostPipeline-Distribution,12/02/25 03:02 AM,Completed,FMECLOSE
20085,MSSales-DistE2E-KickOff-DistCORPRunbooks,12/13/25 12:24 AM,Completed,Monthly
20085,MSSales-DistE2E-PostPipeline-Distribution,12/13/25 05:24 AM,Completed,Monthly
20086,MSSales-DistE2E-KickOff-DistCORPRunbooks,12/08/25 07:54 AM,Completed,Monthly
20086,MSSales-DistE2E-PostPipeline-Distribution,12/08/25 11:54 AM,Completed,Monthly
20087,MSSales-DistE2E-KickOff-DistCORPRunbooks,12/19/25 09:49 AM,Completed,FMECLOSE
20087,MSSales-DistE2E-PostPipeline-Distribution,12/19/25 04:49 PM,Completed,FMECLOSE
20088,MSSales-DistE2E-KickOff-DistCORPRunbooks,12/17/25 12:00 PM,Completed,FMECLOSE
20088,MSSales-DistE2E-PostPipeline-Distribution,12/17/25 04:00 PM,Completed,FMECLOSE
20089,MSSales-DistE2E-KickOff-DistCORPRunbooks,12/05/25 03:43 AM,Completed,Monthly
20089,MSSales-DistE2E-PostPipeline-Distribution,12/05/25 09:43 AM,Completed,Monthly
20090,MSSales-DistE2E-KickOff-DistCORPRunbooks,01/11/26 07:22 AM,Completed,Monthly
20090,MSSales-DistE2E-PostPipeline-Distribution,01/11/26 01:22 PM,Completed,Monthly
20091,MSSales-DistE2E-KickOff-DistCORPRunbooks,12/06/25 03:39 PM,Completed,Monthly
20091,MSSales-DistE2E-PostPipeline-Distribution,12/06/25 09:39 PM,Completed,Monthly
20092,MSSales-DistE2E-KickOff-DistCORPRunbooks,01/12/26 02:52 AM,Completed,Monthly
20092,MSSales-DistE2E-PostPipeline-Distribution,01/12/26 08:52 AM,Completed,Monthly
20093,MSSales-DistE2E-KickOff-DistCORPRunbooks,12/10/25 08:28 PM,Completed,FMECLOSE
20093,MSSales-DistE2E-PostPipeline-Distribution,12/10/25 10:28 PM,Completed,FMECLOSE
20094,MSSales-DistE2E-KickOff-DistCORPRunbooks,12/01/25 11:25 PM,Completed,Monthly
20094,MSSales-DistE2E-PostPipeline-Distribution,12/02/25 06:25 AM,Completed,Monthly
20095,MSSales-DistE2E-KickOff-DistCORPRunbooks,12/17/25 10:50 PM,Completed,Monthly
20095,MSSales-DistE2E-PostPipeline-Distribution,12/18/25 06:50 AM,Completed,Monthly
20096,MSSales-DistE2E-KickOff-DistCORPRunbooks,01/04/26 11:36 AM,Completed,Monthly
20096,MSSales-DistE2E-PostPipeline-Distribution,01/04/26 02:36 PM,Completed,Monthly
20097,MSSales-DistE2E-KickOff-DistCORPRunbooks,12/26/25 12:52 PM,Completed,Monthly
20097,MSSales-DistE2E-PostPipeline-Distribution,12/26/25 10:52 PM,Completed,Monthly
20098,MSSales-DistE2E-KickOff-DistCORPRunbooks,12/05/25 01:43 PM,Completed,FMECLOSE
20098,MSSales-DistE2E-PostPipeline-Distribution,12/05/25 04:43 PM,Completed,FMECLOSE
20099,MSSales-DistE2E-KickOff-DistCORPRunbooks,12/25/25 09:17 AM,Completed,Monthly
20099,MSSales-DistE2E-PostPipeline-Distribution,12/25/25 01:17 PM,Completed,Monthly
20100,MSSales-DistE2E-KickOff-DistCORPRunbooks,01/14/26 08:12 AM,Completed,Monthly
20100,MSSales-DistE2E-PostPipeline-Distribution,01/14/26 10:12 AM,Completed,Monthly
20101,MSSales-DistE2E-KickOff-DistCORPRunbooks,12/14/25 07:52 AM,Completed,Monthly
20101,MSSales-DistE2E-PostPipeline-Distribution,12/14/25 12:52 PM,Completed,Monthly
20102,MSSales-DistE2E-KickOff-DistCORPRunbooks,12/22/25 11:29 AM,Completed,FMECLOSE
20102,MSSales-DistE2E-PostPipeline-Distribution,12/22/25 06:29 PM,Completed,FMECLOSE
20103,MSSales-DistE2E-KickOff-DistCORPRunbooks,01/19/26 02:39 AM,Completed,FMECLOSE
20103,MSSales-DistE2E-PostPipeline-Distribution,01/19/26 05:39 AM,Completed,FMECLOSE
20104,MSSales-DistE2E-KickOff-DistCORPRunbooks,01/08/26 06:13 PM,Completed,Monthly
20104,MSSales-DistE2E-PostPipeline-Distribution,01/08/26 11:13 PM,Completed,Monthly
20105,MSSales-DistE2E-KickOff-DistCORPRunbooks,12/05/25 04:59 PM,Completed,FMECLOSE
20105,MSSales-DistE2E-PostPipeline-Distribution,12/05/25 11:59 PM,Completed,FMECLOSE
20106,MSSales-DistE2E-KickOff-DistCORPRunbooks,12/20/25 10:23 AM,Completed,FMECLOSE
20106,MSSales-DistE2E-PostPipeline-Distribution,12/20/25 03:23 PM,Completed,FMECLOSE
20107,MSSales-DistE2E-KickOff-DistCORPRunbooks,12/02/25 08:40 PM,Completed,Monthly
20107,MSSales-DistE2E-PostPipeline-Distribution,12/03/25 06:40 AM,Completed,Monthly
20108,MSSales-DistE2E-KickOff-DistCORPRunbooks,01/04/26 07:08 PM,Completed,Monthly
20108,MSSales-DistE2E-PostPipeline-Distribution,01/04/26 09:08 PM,Completed,Monthly
20109,MSSales-DistE2E-KickOff-DistCORPRunbooks,01/06/26 07:58 PM,Completed,Monthly
20109,MSSales-DistE2E-PostPipeline-Distribution,01/07/26 03:58 AM,Completed,Monthly
20110,MSSales-DistE2E-KickOff-DistCORPRunbooks,12/30/25 09:47 PM,Completed,Monthly
20110,MSSales-DistE2E-PostPipeline-Distribution,12/31/25 05:47 AM,Completed,Monthly
20111,MSSales-DistE2E-KickOff-DistCORPRunbooks,01/12/26 05:32 AM,Completed,FMECLOSE
20111,MSSales-DistE2E-PostPipeline-Distribution,01/12/26 09:32 AM,Completed,FMECLOSE
20112,MSSales-DistE2E-KickOff-DistCORPRunbooks,12/07/25 07:48 AM,Completed,Monthly
20112,MSSales-DistE2E-PostPipeline-Distribution,12/07/25 04:48 PM,Completed,Monthly
20113,MSSales-DistE2E-KickOff-DistCORPRunbooks,12/18/25 03:21 PM,Completed,FMECLOSE
20113,MSSales-DistE2E-PostPipeline-Distribution,12/18/25 05:21 PM,Completed,FMECLOSE
20114,MSSales-DistE2E-KickOff-DistCORPRunbooks,12/02/25 08:56 AM,Completed,Monthly
20114,MSSales-DistE2E-PostPipeline-Distribution,12/02/25 10:56 AM,Completed,Monthly
20115,MSSales-DistE2E-KickOff-DistCORPRunbooks,12/24/25 09:05 PM,Completed,FMECLOSE
20115,MSSales-DistE2E-PostPipeline-Distribution,12/25/25 03:05 AM,Completed,FMECLOSE
20116,MSSales-DistE2E-KickOff-DistCORPRunbooks,12/01/25 09:17 AM,Completed,Monthly
20116,MSSales-DistE2E-PostPipeline-Distribution,12/01/25 07:17 PM,Completed,Monthly
20117,MSSales-DistE2E-KickOff-DistCORPRunbooks,12/18/25 07:05 PM,Completed,Monthly
20117,MSSales-DistE2E-PostPipeline-Distribution,12/19/25 01:05 AM,Completed,Monthly
20118,MSSales-DistE2E-KickOff-DistCORPRunbooks,12/28/25 02:14 PM,Completed,Monthly
20118,MSSales-DistE2E-PostPipeline-Distribution,12/28/25 04:14 PM,Completed,Monthly
20119,MSSales-DistE2E-KickOff-DistCORPRunbooks,12/01/25 01:16 PM,Completed,Monthly
20119,MSSales-DistE2E-PostPipeline-Distribution,12/01/25 03:16 PM,Completed,Monthly
20120,MSSales-DistE2E-KickOff-DistCORPRunbooks,12/27/25 01:08 PM,Completed,Monthly
20120,MSSales-DistE2E-PostPipeline-Distribution,12/27/25 08:08 PM,Completed,Monthly
20121,MSSales-DistE2E-KickOff-DistCORPRunbooks,12/22/25 11:37 PM,Completed,Monthly
20121,MSSales-DistE2E-PostPipeline-Distribution,12/23/25 02:37 AM,Completed,Monthly
20122,MSSales-DistE2E-KickOff-DistCORPRunbooks,12/12/25 09:31 AM,Completed,Monthly
20122,MSSales-DistE2E-PostPipeline-Distribution,12/12/25 02:31 PM,Completed,Monthly
20123,MSSales-DistE2E-KickOff-DistCORPRunbooks,01/04/26 12:46 AM,Completed,Monthly
20123,MSSales-DistE2E-PostPipeline-Distribution,01/04/26 06:46 AM,Completed,Monthly
20124,MSSales-DistE2E-KickOff-DistCORPRunbooks,12/23/25 10:51 AM,Completed,Monthly
20124,MSSales-DistE2E-PostPipeline-Distribution,12/23/25 08:51 PM,Completed,Monthly
20125,MSSales-DistE2E-KickOff-DistCORPRunbooks,01/14/26 04:31 AM,Completed,Monthly
20125,MSSales-DistE2E-PostPipeline-Distribution,01/14/26 08:31 AM,Completed,Monthly
20126,MSSales-DistE2E-KickOff-DistCORPRunbooks,01/14/26 07:44 AM,Completed,FMECLOSE
20126,MSSales-DistE2E-PostPipeline-Distribution,01/14/26 10:44 AM,Completed,FMECLOSE
20127,MSSales-DistE2E-KickOff-DistCORPRunbooks,12/28/25 07:00 PM,Completed,Monthly
20127,MSSales-DistE2E-PostPipeline-Distribution,12/28/25 10:00 PM,Completed,Monthly
20128,MSSales-DistE2E-KickOff-DistCORPRunbooks,01/11/26 04:22 PM,Completed,FMECLOSE
20128,MSSales-DistE2E-PostPipeline-Distribution,01/11/26 06:22 PM,Completed,FMECLOSE
20129,MSSales-DistE2E-KickOff-DistCORPRunbooks,01/12/26 07:36 AM,Completed,FMECLOSE
20129,MSSales-DistE2E-PostPipeline-Distribution,01/12/26 05:36 PM,Completed,FMECLOSE
20130,MSSales-DistE2E-KickOff-DistCORPRunbooks,12/07/25 10:05 PM,Completed,Monthly
20130,MSSales-DistE2E-PostPipeline-Distribution,12/08/25 02:05 AM,Completed,Monthly
20131,MSSales-DistE2E-KickOff-DistCORPRunbooks,12/05/25 01:56 PM,Completed,FMECLOSE
20131,MSSales-DistE2E-PostPipeline-Distribution,12/05/25 11:56 PM,Completed,FMECLOSE
20132,MSSales-DistE2E-KickOff-DistCORPRunbooks,12/28/25 06:21 PM,Completed,Monthly
20132,MSSales-DistE2E-PostPipeline-Distribution,12/28/25 09:21 PM,Completed,Monthly
20133,MSSales-DistE2E-KickOff-DistCORPRunbooks,01/08/26 05:28 AM,Completed,Monthly
20133,MSSales-DistE2E-PostPipeline-Distribution,01/08/26 12:28 PM,Completed,Monthly
20134,MSSales-DistE2E-KickOff-DistCORPRunbooks,01/20/26 06:38 PM,Completed,FMECLOSE
20134,MSSales-DistE2E-PostPipeline-Distribution,01/20/26 11:38 PM,Completed,FMECLOSE
20135,MSSales-DistE2E-KickOff-DistCORPRunbooks,12/05/25 02:17 PM,Completed,Monthly
20135,MSSales-DistE2E-PostPipeline-Distribution,12/05/25 10:17 PM,Completed,Monthly
20136,MSSales-DistE2E-KickOff-DistCORPRunbooks,01/17/26 05:27 PM,Completed,Monthly
20136,MSSales-DistE2E-PostPipeline-Distribution,01/17/26 07:27 PM,Completed,Monthly
20137,MSSales-DistE2E-KickOff-DistCORPRunbooks,01/18/26 06:35 AM,Completed,Monthly
20137,MSSales-DistE2E-PostPipeline-Distribution,01/18/26 02:35 PM,Completed,Monthly
20138,MSSales-DistE2E-KickOff-DistCORPRunbooks,12/12/25 05:23 AM,Completed,FMECLOSE
20138,MSSales-DistE2E-PostPipeline-Distribution,12/12/25 11:23 AM,Completed,FMECLOSE
20139,MSSales-DistE2E-KickOff-DistCORPRunbooks,01/23/26 07:52 PM,Completed,FMECLOSE
20139,MSSales-DistE2E-PostPipeline-Distribution,01/24/26 02:52 AM,Completed,FMECLOSE
20140,MSSales-DistE2E-KickOff-DistCORPRunbooks,01/21/26 10:49 AM,Completed,FMECLOSE
20140,MSSales-DistE2E-PostPipeline-Distribution,01/21/26 12:49 PM,Completed,FMECLOSE
20141,MSSales-DistE2E-KickOff-DistCORPRunbooks,12/25/25 01:01 AM,Completed,Monthly
20141,MSSales-DistE2E-PostPipeline-Distribution,12/25/25 05:01 AM,Completed,Monthly
20142,MSSales-DistE2E-KickOff-DistCORPRunbooks,12/19/25 07:25 AM,Completed,Monthly
20142,MSSales-DistE2E-PostPipeline-Distribution,12/19/25 12:25 PM,Completed,Monthly
20143,MSSales-DistE2E-KickOff-DistCORPRunbooks,12/12/25 11:43 AM,Completed,FMECLOSE
20143,MSSales-DistE2E-PostPipeline-Distribution,12/12/25 01:43 PM,Completed,FMECLOSE
20144,MSSales-DistE2E-KickOff-DistCORPRunbooks,12/31/25 11:32 AM,Completed,Monthly
20144,MSSales-DistE2E-PostPipeline-Distribution,12/31/25 03:32 PM,Completed,Monthly
20145,MSSales-DistE2E-KickOff-DistCORPRunbooks,12/15/25 05:20 AM,Completed,Monthly
20145,MSSales-DistE2E-PostPipeline-Distribution,12/15/25 03:20 PM,Completed,Monthly
20146,MSSales-DistE2E-KickOff-DistCORPRunbooks,01/18/26 05:02 PM,Completed,FMECLOSE
20146,MSSales-DistE2E-PostPipeline-Distribution,01/19/26 03:02 AM,Completed,FMECLOSE
20147,MSSales-DistE2E-KickOff-DistCORPRunbooks,01/16/26 09:11 AM,Completed,Monthly
20147,MSSales-DistE2E-PostPipeline-Distribution,01/16/26 04:11 PM,Completed,Monthly
20148,MSSales-DistE2E-KickOff-DistCORPRunbooks,01/16/26 08:14 AM,Completed,FMECLOSE
20148,MSSales-DistE2E-PostPipeline-Distribution,01/16/26 12:14 PM,Completed,FMECLOSE
20149,MSSales-DistE2E-KickOff-DistCORPRunbooks,12/16/25 09:04 AM,Completed,Monthly
20149,MSSales-DistE2E-PostPipeline-Distribution,12/16/25 04:04 PM,Completed,Monthly
20150,MSSales-DistE2E-KickOff-DistCORPRunbooks,12/01/25 06:22 PM,Completed,FMECLOSE
20150,MSSales-DistE2E-PostPipeline-Distribution,12/01/25 10:22 PM,Completed,FMECLOSE
